,Model,Cutoff
0,lasso,0.5649189028329432
1,LogisticRegression,0.413674236498617
