,Model,Cutoff
0,lasso,0.4919299439554948
1,LogisticRegression,0.55486833815651
