,Model,Cutoff
0,lasso,0.3053751388051317
1,LogisticRegression,0.3713087113680242
